"Date","Births"
"1994-1-1",8096
"1994-1-2",7772
"1994-1-3",10142
"1994-1-4",11248
"1994-1-5",11053
"1994-1-6",11406
"1994-1-7",11251
"1994-1-8",8653
"1994-1-9",7910
"1994-1-10",10498
"1994-1-11",11706
"1994-1-12",11567
"1994-1-13",11212
"1994-1-14",11570
"1994-1-15",8660
"1994-1-16",8123
"1994-1-17",10567
"1994-1-18",11541
"1994-1-19",11257
"1994-1-20",11682
"1994-1-21",11811
"1994-1-22",8833
"1994-1-23",8310
"1994-1-24",11125
"1994-1-25",11981
"1994-1-26",11514
"1994-1-27",11702
"1994-1-28",11666
"1994-1-29",8988
"1994-1-30",8096
"1994-1-31",10765
"1994-2-1",11755
"1994-2-2",11483
"1994-2-3",11523
"1994-2-4",11677
"1994-2-5",8991
"1994-2-6",8309
"1994-2-7",10984
"1994-2-8",12152
"1994-2-9",11515
"1994-2-10",11623
"1994-2-11",11517
"1994-2-12",8945
"1994-2-13",8171
"1994-2-14",11551
"1994-2-15",12164
"1994-2-16",12009
"1994-2-17",11674
"1994-2-18",11887
"1994-2-19",8946
"1994-2-20",8402
"1994-2-21",10617
"1994-2-22",11810
"1994-2-23",11776
"1994-2-24",11667
"1994-2-25",11905
"1994-2-26",8988
"1994-2-27",8195
"1994-2-28",11091
"1994-3-1",12127
"1994-3-2",11735
"1994-3-3",11984
"1994-3-4",12066
"1994-3-5",9215
"1994-3-6",8389
"1994-3-7",10996
"1994-3-8",12275
"1994-3-9",11780
"1994-3-10",11792
"1994-3-11",11939
"1994-3-12",9087
"1994-3-13",8248
"1994-3-14",11092
"1994-3-15",12298
"1994-3-16",11865
"1994-3-17",11976
"1994-3-18",11799
"1994-3-19",8944
"1994-3-20",8243
"1994-3-21",11140
"1994-3-22",11964
"1994-3-23",11637
"1994-3-24",11904
"1994-3-25",11568
"1994-3-26",8957
"1994-3-27",8189
"1994-3-28",11051
"1994-3-29",12154
"1994-3-30",11540
"1994-3-31",11782
"1994-4-1",10630
"1994-4-2",8782
"1994-4-3",7530
"1994-4-4",10909
"1994-4-5",11876
"1994-4-6",11811
"1994-4-7",11718
"1994-4-8",11532
"1994-4-9",8791
"1994-4-10",8183
"1994-4-11",11060
"1994-4-12",12146
"1994-4-13",11428
"1994-4-14",11709
"1994-4-15",11753
"1994-4-16",8790
"1994-4-17",7867
"1994-4-18",11094
"1994-4-19",11966
"1994-4-20",11585
"1994-4-21",11509
"1994-4-22",11553
"1994-4-23",8613
"1994-4-24",8089
"1994-4-25",10909
"1994-4-26",12236
"1994-4-27",11701
"1994-4-28",11527
"1994-4-29",11474
"1994-4-30",8621
"1994-5-1",8145
"1994-5-2",11169
"1994-5-3",12023
"1994-5-4",11754
"1994-5-5",11958
"1994-5-6",11904
"1994-5-7",8641
"1994-5-8",8203
"1994-5-9",10914
"1994-5-10",11771
"1994-5-11",11278
"1994-5-12",11822
"1994-5-13",11085
"1994-5-14",8830
"1994-5-15",8253
"1994-5-16",11103
"1994-5-17",12289
"1994-5-18",11668
"1994-5-19",11411
"1994-5-20",11645
"1994-5-21",8830
"1994-5-22",8449
"1994-5-23",11434
"1994-5-24",12562
"1994-5-25",12005
"1994-5-26",11979
"1994-5-27",12132
"1994-5-28",8840
"1994-5-29",8205
"1994-5-30",8468
"1994-5-31",11525
"1994-6-1",12349
"1994-6-2",12166
"1994-6-3",11799
"1994-6-4",9182
"1994-6-5",8289
"1994-6-6",11130
"1994-6-7",12145
"1994-6-8",11784
"1994-6-9",11648
"1994-6-10",12006
"1994-6-11",8618
"1994-6-12",8171
"1994-6-13",10692
"1994-6-14",12074
"1994-6-15",11954
"1994-6-16",11852
"1994-6-17",11744
"1994-6-18",8907
"1994-6-19",8302
"1994-6-20",11337
"1994-6-21",12182
"1994-6-22",12213
"1994-6-23",11939
"1994-6-24",11979
"1994-6-25",9047
"1994-6-26",8306
"1994-6-27",11309
"1994-6-28",12211
"1994-6-29",12245
"1994-6-30",12157
"1994-7-1",12454
"1994-7-2",9268
"1994-7-3",8298
"1994-7-4",8564
"1994-7-5",11609
"1994-7-6",13086
"1994-7-7",13049
"1994-7-8",12623
"1994-7-9",9325
"1994-7-10",8684
"1994-7-11",11567
"1994-7-12",12507
"1994-7-13",12134
"1994-7-14",12485
"1994-7-15",12691
"1994-7-16",9547
"1994-7-17",8848
"1994-7-18",11561
"1994-7-19",12583
"1994-7-20",12378
"1994-7-21",12447
"1994-7-22",12486
"1994-7-23",9463
"1994-7-24",8734
"1994-7-25",11757
"1994-7-26",12591
"1994-7-27",12423
"1994-7-28",12539
"1994-7-29",12231
"1994-7-30",9340
"1994-7-31",8590
"1994-8-1",11428
"1994-8-2",12622
"1994-8-3",12147
"1994-8-4",12601
"1994-8-5",12251
"1994-8-6",9336
"1994-8-7",8517
"1994-8-8",11528
"1994-8-9",12643
"1994-8-10",12525
"1994-8-11",12147
"1994-8-12",12479
"1994-8-13",9474
"1994-8-14",8926
"1994-8-15",11391
"1994-8-16",12605
"1994-8-17",12344
"1994-8-18",12313
"1994-8-19",12227
"1994-8-20",9646
"1994-8-21",8663
"1994-8-22",11489
"1994-8-23",12284
"1994-8-24",12176
"1994-8-25",12076
"1994-8-26",12122
"1994-8-27",9171
"1994-8-28",8779
"1994-8-29",11560
"1994-8-30",12431
"1994-8-31",12272
"1994-9-1",12183
"1994-9-2",12099
"1994-9-3",9042
"1994-9-4",8420
"1994-9-5",8378
"1994-9-6",11448
"1994-9-7",12660
"1994-9-8",12693
"1994-9-9",12811
"1994-9-10",9424
"1994-9-11",8373
"1994-9-12",11500
"1994-9-13",12560
"1994-9-14",12566
"1994-9-15",12655
"1994-9-16",12884
"1994-9-17",9779
"1994-9-18",8603
"1994-9-19",11659
"1994-9-20",12584
"1994-9-21",12468
"1994-9-22",12590
"1994-9-23",12522
"1994-9-24",9597
"1994-9-25",8754
"1994-9-26",11597
"1994-9-27",12591
"1994-9-28",12405
"1994-9-29",12288
"1994-9-30",12090
"1994-10-1",9351
"1994-10-2",8477
"1994-10-3",11437
"1994-10-4",12378
"1994-10-5",12061
"1994-10-6",12017
"1994-10-7",12050
"1994-10-8",8981
"1994-10-9",8038
"1994-10-10",11110
"1994-10-11",12236
"1994-10-12",11846
"1994-10-13",11398
"1994-10-14",11959
"1994-10-15",9077
"1994-10-16",8022
"1994-10-17",11127
"1994-10-18",11888
"1994-10-19",11533
"1994-10-20",11876
"1994-10-21",11562
"1994-10-22",9086
"1994-10-23",7914
"1994-10-24",11068
"1994-10-25",12019
"1994-10-26",11683
"1994-10-27",11420
"1994-10-28",11608
"1994-10-29",8855
"1994-10-30",8262
"1994-10-31",9833
"1994-11-1",12316
"1994-11-2",11736
"1994-11-3",11703
"1994-11-4",11956
"1994-11-5",8826
"1994-11-6",8100
"1994-11-7",11283
"1994-11-8",11999
"1994-11-9",11811
"1994-11-10",11728
"1994-11-11",11533
"1994-11-12",8672
"1994-11-13",8093
"1994-11-14",11044
"1994-11-15",11985
"1994-11-16",11634
"1994-11-17",11703
"1994-11-18",11826
"1994-11-19",8771
"1994-11-20",8133
"1994-11-21",11807
"1994-11-22",12764
"1994-11-23",11332
"1994-11-24",8036
"1994-11-25",9419
"1994-11-26",8427
"1994-11-27",7937
"1994-11-28",11003
"1994-11-29",12177
"1994-11-30",11643
"1994-12-1",11681
"1994-12-2",11379
"1994-12-3",8585
"1994-12-4",7980
"1994-12-5",10772
"1994-12-6",11923
"1994-12-7",11335
"1994-12-8",11337
"1994-12-9",11205
"1994-12-10",8461
"1994-12-11",7936
"1994-12-12",11106
"1994-12-13",11884
"1994-12-14",11716
"1994-12-15",11962
"1994-12-16",12144
"1994-12-17",8726
"1994-12-18",8130
"1994-12-19",11502
"1994-12-20",12880
"1994-12-21",12391
"1994-12-22",11504
"1994-12-23",10087
"1994-12-24",7898
"1994-12-25",7192
"1994-12-26",8454
"1994-12-27",11131
"1994-12-28",12398
"1994-12-29",12189
"1994-12-30",12051
"1994-12-31",8809
"1995-1-1",7828
"1995-1-2",7883
"1995-1-3",9999
"1995-1-4",11315
"1995-1-5",11243
"1995-1-6",11506
"1995-1-7",8681
"1995-1-8",7821
"1995-1-9",10434
"1995-1-10",11665
"1995-1-11",11279
"1995-1-12",11416
"1995-1-13",11071
"1995-1-14",8887
"1995-1-15",7988
"1995-1-16",10417
"1995-1-17",11345
"1995-1-18",11252
"1995-1-19",11331
"1995-1-20",11481
"1995-1-21",8746
"1995-1-22",7956
"1995-1-23",10640
"1995-1-24",11344
"1995-1-25",11096
"1995-1-26",11380
"1995-1-27",11340
"1995-1-28",8781
"1995-1-29",8009
"1995-1-30",10515
"1995-1-31",11364
"1995-2-1",11279
"1995-2-2",11490
"1995-2-3",11264
"1995-2-4",8769
"1995-2-5",8017
"1995-2-6",10587
"1995-2-7",11483
"1995-2-8",11205
"1995-2-9",11282
"1995-2-10",11615
"1995-2-11",8949
"1995-2-12",8007
"1995-2-13",10351
"1995-2-14",12454
"1995-2-15",11828
"1995-2-16",11657
"1995-2-17",11625
"1995-2-18",8788
"1995-2-19",8038
"1995-2-20",10258
"1995-2-21",11582
"1995-2-22",11716
"1995-2-23",11786
"1995-2-24",11671
"1995-2-25",8829
"1995-2-26",8183
"1995-2-27",10702
"1995-2-28",11679
"1995-3-1",11540
"1995-3-2",11377
"1995-3-3",11649
"1995-3-4",8807
"1995-3-5",7984
"1995-3-6",10810
"1995-3-7",12115
"1995-3-8",11618
"1995-3-9",11380
"1995-3-10",11827
"1995-3-11",8744
"1995-3-12",7859
"1995-3-13",10609
"1995-3-14",11750
"1995-3-15",11736
"1995-3-16",11751
"1995-3-17",11953
"1995-3-18",8538
"1995-3-19",7787
"1995-3-20",10588
"1995-3-21",11837
"1995-3-22",11485
"1995-3-23",11435
"1995-3-24",11329
"1995-3-25",8628
"1995-3-26",7614
"1995-3-27",10541
"1995-3-28",11563
"1995-3-29",11125
"1995-3-30",11205
"1995-3-31",11319
"1995-4-1",8398
"1995-4-2",7547
"1995-4-3",10651
"1995-4-4",11960
"1995-4-5",11475
"1995-4-6",11429
"1995-4-7",11587
"1995-4-8",8588
"1995-4-9",7839
"1995-4-10",10930
"1995-4-11",11939
"1995-4-12",11750
"1995-4-13",11411
"1995-4-14",10687
"1995-4-15",8492
"1995-4-16",7503
"1995-4-17",10640
"1995-4-18",11652
"1995-4-19",11680
"1995-4-20",11504
"1995-4-21",11445
"1995-4-22",8560
"1995-4-23",7749
"1995-4-24",11014
"1995-4-25",11811
"1995-4-26",11551
"1995-4-27",11601
"1995-4-28",11457
"1995-4-29",8492
"1995-4-30",7777
"1995-5-1",11090
"1995-5-2",12119
"1995-5-3",11502
"1995-5-4",11800
"1995-5-5",11718
"1995-5-6",8565
"1995-5-7",7965
"1995-5-8",10790
"1995-5-9",11728
"1995-5-10",11723
"1995-5-11",11723
"1995-5-12",11625
"1995-5-13",8802
"1995-5-14",8165
"1995-5-15",11143
"1995-5-16",12101
"1995-5-17",12085
"1995-5-18",11872
"1995-5-19",11692
"1995-5-20",8721
"1995-5-21",8096
"1995-5-22",11250
"1995-5-23",12539
"1995-5-24",12193
"1995-5-25",12285
"1995-5-26",12246
"1995-5-27",8795
"1995-5-28",8167
"1995-5-29",8379
"1995-5-30",11271
"1995-5-31",12393
"1995-6-1",12243
"1995-6-2",11991
"1995-6-3",9069
"1995-6-4",8059
"1995-6-5",11152
"1995-6-6",12119
"1995-6-7",11774
"1995-6-8",12031
"1995-6-9",11645
"1995-6-10",8719
"1995-6-11",8149
"1995-6-12",11169
"1995-6-13",11790
"1995-6-14",11958
"1995-6-15",11906
"1995-6-16",11856
"1995-6-17",8821
"1995-6-18",8203
"1995-6-19",11223
"1995-6-20",12395
"1995-6-21",12049
"1995-6-22",11799
"1995-6-23",11942
"1995-6-24",9065
"1995-6-25",8279
"1995-6-26",11127
"1995-6-27",12349
"1995-6-28",12162
"1995-6-29",12423
"1995-6-30",12338
"1995-7-1",9283
"1995-7-2",8256
"1995-7-3",10623
"1995-7-4",9374
"1995-7-5",11399
"1995-7-6",12855
"1995-7-7",12954
"1995-7-8",9438
"1995-7-9",8506
"1995-7-10",11618
"1995-7-11",12552
"1995-7-12",12167
"1995-7-13",12253
"1995-7-14",12659
"1995-7-15",9391
"1995-7-16",8516
"1995-7-17",11461
"1995-7-18",12495
"1995-7-19",12129
"1995-7-20",12598
"1995-7-21",12428
"1995-7-22",9328
"1995-7-23",8483
"1995-7-24",11501
"1995-7-25",12580
"1995-7-26",12316
"1995-7-27",12309
"1995-7-28",12442
"1995-7-29",9277
"1995-7-30",8384
"1995-7-31",11298
"1995-8-1",12442
"1995-8-2",12249
"1995-8-3",12193
"1995-8-4",12186
"1995-8-5",9267
"1995-8-6",8346
"1995-8-7",11223
"1995-8-8",12441
"1995-8-9",12217
"1995-8-10",12243
"1995-8-11",12154
"1995-8-12",9153
"1995-8-13",8421
"1995-8-14",11297
"1995-8-15",12760
"1995-8-16",12244
"1995-8-17",12345
"1995-8-18",12362
"1995-8-19",9265
"1995-8-20",8434
"1995-8-21",11436
"1995-8-22",12612
"1995-8-23",12083
"1995-8-24",12381
"1995-8-25",12208
"1995-8-26",9155
"1995-8-27",8509
"1995-8-28",11473
"1995-8-29",12522
"1995-8-30",12631
"1995-8-31",12485
"1995-9-1",12439
"1995-9-2",9079
"1995-9-3",8438
"1995-9-4",8441
"1995-9-5",11682
"1995-9-6",12951
"1995-9-7",12924
"1995-9-8",12939
"1995-9-9",9714
"1995-9-10",8568
"1995-9-11",11480
"1995-9-12",12583
"1995-9-13",12173
"1995-9-14",12789
"1995-9-15",13023
"1995-9-16",9535
"1995-9-17",8757
"1995-9-18",11729
"1995-9-19",12692
"1995-9-20",12571
"1995-9-21",12663
"1995-9-22",12813
"1995-9-23",9341
"1995-9-24",8659
"1995-9-25",11552
"1995-9-26",12814
"1995-9-27",12605
"1995-9-28",12845
"1995-9-29",12316
"1995-9-30",8988
"1995-10-1",8545
"1995-10-2",11650
"1995-10-3",12375
"1995-10-4",12016
"1995-10-5",12245
"1995-10-6",12081
"1995-10-7",9048
"1995-10-8",7997
"1995-10-9",10892
"1995-10-10",12273
"1995-10-11",11843
"1995-10-12",12002
"1995-10-13",11078
"1995-10-14",8920
"1995-10-15",7996
"1995-10-16",10840
"1995-10-17",11974
"1995-10-18",11693
"1995-10-19",11463
"1995-10-20",11610
"1995-10-21",8673
"1995-10-22",7827
"1995-10-23",10770
"1995-10-24",11916
"1995-10-25",11573
"1995-10-26",11534
"1995-10-27",11449
"1995-10-28",8633
"1995-10-29",7876
"1995-10-30",10480
"1995-10-31",10740
"1995-11-1",11702
"1995-11-2",11746
"1995-11-3",11368
"1995-11-4",8438
"1995-11-5",7868
"1995-11-6",10809
"1995-11-7",12038
"1995-11-8",11702
"1995-11-9",11441
"1995-11-10",11246
"1995-11-11",8522
"1995-11-12",7891
"1995-11-13",10534
"1995-11-14",11455
"1995-11-15",11629
"1995-11-16",11436
"1995-11-17",11410
"1995-11-18",8493
"1995-11-19",7772
"1995-11-20",11476
"1995-11-21",12503
"1995-11-22",11304
"1995-11-23",7754
"1995-11-24",9125
"1995-11-25",8115
"1995-11-26",7500
"1995-11-27",10979
"1995-11-28",12002
"1995-11-29",11344
"1995-11-30",11215
"1995-12-1",11206
"1995-12-2",8429
"1995-12-3",7703
"1995-12-4",10346
"1995-12-5",11676
"1995-12-6",11188
"1995-12-7",11242
"1995-12-8",11166
"1995-12-9",8201
"1995-12-10",7595
"1995-12-11",10429
"1995-12-12",11784
"1995-12-13",11191
"1995-12-14",11403
"1995-12-15",11458
"1995-12-16",8509
"1995-12-17",7759
"1995-12-18",11139
"1995-12-19",12501
"1995-12-20",12043
"1995-12-21",11944
"1995-12-22",11204
"1995-12-23",8058
"1995-12-24",6999
"1995-12-25",7027
"1995-12-26",9447
"1995-12-27",11897
"1995-12-28",12530
"1995-12-29",12207
"1995-12-30",9093
"1995-12-31",7596
"1996-1-1",7683
"1996-1-2",9408
"1996-1-3",10954
"1996-1-4",11308
"1996-1-5",11631
"1996-1-6",8680
"1996-1-7",7735
"1996-1-8",10044
"1996-1-9",11018
"1996-1-10",11144
"1996-1-11",11304
"1996-1-12",11274
"1996-1-13",8488
"1996-1-14",7685
"1996-1-15",9912
"1996-1-16",11181
"1996-1-17",11148
"1996-1-18",11579
"1996-1-19",11292
"1996-1-20",8492
"1996-1-21",7701
"1996-1-22",10593
"1996-1-23",11451
"1996-1-24",11336
"1996-1-25",11405
"1996-1-26",11195
"1996-1-27",8487
"1996-1-28",7533
"1996-1-29",10374
"1996-1-30",11359
"1996-1-31",10889
"1996-2-1",11030
"1996-2-2",11335
"1996-2-3",8390
"1996-2-4",7531
"1996-2-5",10364
"1996-2-6",11360
"1996-2-7",11204
"1996-2-8",11529
"1996-2-9",11577
"1996-2-10",8578
"1996-2-11",7710
"1996-2-12",10542
"1996-2-13",11322
"1996-2-14",12094
"1996-2-15",11820
"1996-2-16",11666
"1996-2-17",8465
"1996-2-18",7763
"1996-2-19",10036
"1996-2-20",11598
"1996-2-21",11554
"1996-2-22",11697
"1996-2-23",11415
"1996-2-24",8692
"1996-2-25",7917
"1996-2-26",10693
"1996-2-27",11761
"1996-2-28",11428
"1996-2-29",10692
"1996-3-1",11785
"1996-3-2",8719
"1996-3-3",7885
"1996-3-4",10586
"1996-3-5",11475
"1996-3-6",11535
"1996-3-7",11446
"1996-3-8",11272
"1996-3-9",8611
"1996-3-10",7512
"1996-3-11",10668
"1996-3-12",11623
"1996-3-13",11338
"1996-3-14",11578
"1996-3-15",11860
"1996-3-16",8691
"1996-3-17",8010
"1996-3-18",10812
"1996-3-19",11764
"1996-3-20",11482
"1996-3-21",11653
"1996-3-22",11727
"1996-3-23",8534
"1996-3-24",8002
"1996-3-25",10662
"1996-3-26",11764
"1996-3-27",11532
"1996-3-28",11728
"1996-3-29",11659
"1996-3-30",8712
"1996-3-31",7956
"1996-4-1",10173
"1996-4-2",12055
"1996-4-3",11622
"1996-4-4",11881
"1996-4-5",10985
"1996-4-6",8354
"1996-4-7",7372
"1996-4-8",10659
"1996-4-9",11631
"1996-4-10",11429
"1996-4-11",11489
"1996-4-12",11462
"1996-4-13",8565
"1996-4-14",7687
"1996-4-15",10548
"1996-4-16",11754
"1996-4-17",11554
"1996-4-18",11282
"1996-4-19",11438
"1996-4-20",8451
"1996-4-21",7789
"1996-4-22",10957
"1996-4-23",11979
"1996-4-24",11342
"1996-4-25",11340
"1996-4-26",11070
"1996-4-27",8444
"1996-4-28",7567
"1996-4-29",10325
"1996-4-30",11391
"1996-5-1",11390
"1996-5-2",11397
"1996-5-3",11011
"1996-5-4",8483
"1996-5-5",7821
"1996-5-6",10585
"1996-5-7",11567
"1996-5-8",11403
"1996-5-9",11404
"1996-5-10",11471
"1996-5-11",8495
"1996-5-12",7758
"1996-5-13",10291
"1996-5-14",11757
"1996-5-15",11619
"1996-5-16",11637
"1996-5-17",11370
"1996-5-18",8696
"1996-5-19",7906
"1996-5-20",11073
"1996-5-21",11962
"1996-5-22",11733
"1996-5-23",11511
"1996-5-24",11835
"1996-5-25",8666
"1996-5-26",7746
"1996-5-27",8034
"1996-5-28",11151
"1996-5-29",12119
"1996-5-30",11964
"1996-5-31",11853
"1996-6-1",8866
"1996-6-2",7962
"1996-6-3",10916
"1996-6-4",11783
"1996-6-5",11695
"1996-6-6",11849
"1996-6-7",11750
"1996-6-8",8739
"1996-6-9",8013
"1996-6-10",10927
"1996-6-11",11978
"1996-6-12",11710
"1996-6-13",11521
"1996-6-14",11644
"1996-6-15",8783
"1996-6-16",8004
"1996-6-17",10981
"1996-6-18",12105
"1996-6-19",11779
"1996-6-20",12052
"1996-6-21",11759
"1996-6-22",8946
"1996-6-23",8128
"1996-6-24",11080
"1996-6-25",12150
"1996-6-26",12154
"1996-6-27",11957
"1996-6-28",12057
"1996-6-29",8956
"1996-6-30",8281
"1996-7-1",11779
"1996-7-2",13167
"1996-7-3",12563
"1996-7-4",9358
"1996-7-5",10823
"1996-7-6",9044
"1996-7-7",8248
"1996-7-8",11385
"1996-7-9",12623
"1996-7-10",12362
"1996-7-11",12256
"1996-7-12",11976
"1996-7-13",9152
"1996-7-14",8358
"1996-7-15",11421
"1996-7-16",12619
"1996-7-17",12660
"1996-7-18",12247
"1996-7-19",12049
"1996-7-20",9107
"1996-7-21",8349
"1996-7-22",11164
"1996-7-23",12731
"1996-7-24",12214
"1996-7-25",12307
"1996-7-26",12082
"1996-7-27",9012
"1996-7-28",8227
"1996-7-29",11232
"1996-7-30",12519
"1996-7-31",12128
"1996-8-1",12153
"1996-8-2",12088
"1996-8-3",9174
"1996-8-4",8327
"1996-8-5",11268
"1996-8-6",12508
"1996-8-7",12277
"1996-8-8",12385
"1996-8-9",12167
"1996-8-10",9175
"1996-8-11",8310
"1996-8-12",11499
"1996-8-13",12407
"1996-8-14",12294
"1996-8-15",12180
"1996-8-16",12419
"1996-8-17",9290
"1996-8-18",8305
"1996-8-19",11392
"1996-8-20",12270
"1996-8-21",12338
"1996-8-22",12291
"1996-8-23",12213
"1996-8-24",9130
"1996-8-25",8212
"1996-8-26",11201
"1996-8-27",12573
"1996-8-28",12339
"1996-8-29",12509
"1996-8-30",12479
"1996-8-31",9144
"1996-9-1",8250
"1996-9-2",8331
"1996-9-3",11506
"1996-9-4",12970
"1996-9-5",12657
"1996-9-6",12629
"1996-9-7",9396
"1996-9-8",8354
"1996-9-9",11543
"1996-9-10",12662
"1996-9-11",12420
"1996-9-12",12486
"1996-9-13",12019
"1996-9-14",9323
"1996-9-15",8561
"1996-9-16",12107
"1996-9-17",13063
"1996-9-18",12630
"1996-9-19",12535
"1996-9-20",12754
"1996-9-21",9492
"1996-9-22",8694
"1996-9-23",11605
"1996-9-24",12910
"1996-9-25",12768
"1996-9-26",12684
"1996-9-27",12756
"1996-9-28",9359
"1996-9-29",8393
"1996-9-30",11491
"1996-10-1",12851
"1996-10-2",12347
"1996-10-3",12248
"1996-10-4",12224
"1996-10-5",8900
"1996-10-6",7960
"1996-10-7",11186
"1996-10-8",12311
"1996-10-9",12069
"1996-10-10",12157
"1996-10-11",11582
"1996-10-12",8710
"1996-10-13",7970
"1996-10-14",10770
"1996-10-15",12272
"1996-10-16",11894
"1996-10-17",11764
"1996-10-18",11495
"1996-10-19",8459
"1996-10-20",7786
"1996-10-21",10790
"1996-10-22",11857
"1996-10-23",11807
"1996-10-24",11538
"1996-10-25",11618
"1996-10-26",8695
"1996-10-27",8061
"1996-10-28",10846
"1996-10-29",12054
"1996-10-30",11812
"1996-10-31",10313
"1996-11-1",11717
"1996-11-2",8614
"1996-11-3",7753
"1996-11-4",10846
"1996-11-5",12019
"1996-11-6",11575
"1996-11-7",11854
"1996-11-8",11880
"1996-11-9",8780
"1996-11-10",7666
"1996-11-11",10586
"1996-11-12",11687
"1996-11-13",11065
"1996-11-14",11516
"1996-11-15",11523
"1996-11-16",8562
"1996-11-17",7808
"1996-11-18",10712
"1996-11-19",12001
"1996-11-20",11557
"1996-11-21",11617
"1996-11-22",11713
"1996-11-23",8535
"1996-11-24",7452
"1996-11-25",11352
"1996-11-26",12451
"1996-11-27",11169
"1996-11-28",7770
"1996-11-29",9302
"1996-11-30",8315
"1996-12-1",7929
"1996-12-2",10969
"1996-12-3",12123
"1996-12-4",11837
"1996-12-5",11587
"1996-12-6",11547
"1996-12-7",8505
"1996-12-8",7730
"1996-12-9",10642
"1996-12-10",11900
"1996-12-11",11521
"1996-12-12",11845
"1996-12-13",10623
"1996-12-14",8618
"1996-12-15",7717
"1996-12-16",11193
"1996-12-17",12379
"1996-12-18",12116
"1996-12-19",12181
"1996-12-20",12552
"1996-12-21",8684
"1996-12-22",7749
"1996-12-23",10604
"1996-12-24",9114
"1996-12-25",7092
"1996-12-26",10321
"1996-12-27",12260
"1996-12-28",9103
"1996-12-29",8193
"1996-12-30",11911
"1996-12-31",11924
"1997-1-1",8349
"1997-1-2",9914
"1997-1-3",11196
"1997-1-4",8617
"1997-1-5",7657
"1997-1-6",10456
"1997-1-7",11615
"1997-1-8",10872
"1997-1-9",10981
"1997-1-10",11545
"1997-1-11",8368
"1997-1-12",7524
"1997-1-13",10267
"1997-1-14",11502
"1997-1-15",11319
"1997-1-16",11311
"1997-1-17",11321
"1997-1-18",8340
"1997-1-19",7527
"1997-1-20",10444
"1997-1-21",11536
"1997-1-22",11508
"1997-1-23",11511
"1997-1-24",11410
"1997-1-25",8634
"1997-1-26",7526
"1997-1-27",10527
"1997-1-28",11661
"1997-1-29",11084
"1997-1-30",11171
"1997-1-31",11518
"1997-2-1",8488
"1997-2-2",7706
"1997-2-3",10596
"1997-2-4",11621
"1997-2-5",11291
"1997-2-6",11228
"1997-2-7",11538
"1997-2-8",8411
"1997-2-9",7566
"1997-2-10",10778
"1997-2-11",11734
"1997-2-12",11548
"1997-2-13",11288
"1997-2-14",12321
"1997-2-15",8805
"1997-2-16",7670
"1997-2-17",10023
"1997-2-18",11126
"1997-2-19",11574
"1997-2-20",11571
"1997-2-21",11458
"1997-2-22",8845
"1997-2-23",7553
"1997-2-24",10481
"1997-2-25",11566
"1997-2-26",11573
"1997-2-27",11666
"1997-2-28",11516
"1997-3-1",8589
"1997-3-2",7681
"1997-3-3",10837
"1997-3-4",11909
"1997-3-5",11570
"1997-3-6",11523
"1997-3-7",11571
"1997-3-8",8700
"1997-3-9",7649
"1997-3-10",10691
"1997-3-11",11944
"1997-3-12",11661
"1997-3-13",11397
"1997-3-14",11573
"1997-3-15",8521
"1997-3-16",7617
"1997-3-17",10881
"1997-3-18",11726
"1997-3-19",11550
"1997-3-20",11634
"1997-3-21",11846
"1997-3-22",8641
"1997-3-23",7594
"1997-3-24",10903
"1997-3-25",12160
"1997-3-26",11845
"1997-3-27",11745
"1997-3-28",11184
"1997-3-29",8329
"1997-3-30",7458
"1997-3-31",10283
"1997-4-1",10799
"1997-4-2",11662
"1997-4-3",11669
"1997-4-4",11657
"1997-4-5",8576
"1997-4-6",7207
"1997-4-7",10726
"1997-4-8",11840
"1997-4-9",11356
"1997-4-10",11499
"1997-4-11",11348
"1997-4-12",8444
"1997-4-13",7559
"1997-4-14",10620
"1997-4-15",11714
"1997-4-16",11652
"1997-4-17",11743
"1997-4-18",11560
"1997-4-19",8497
"1997-4-20",7673
"1997-4-21",10793
"1997-4-22",11979
"1997-4-23",11783
"1997-4-24",11755
"1997-4-25",11295
"1997-4-26",8285
"1997-4-27",7410
"1997-4-28",10265
"1997-4-29",11518
"1997-4-30",11346
"1997-5-1",11608
"1997-5-2",11686
"1997-5-3",8502
"1997-5-4",7868
"1997-5-5",10982
"1997-5-6",11855
"1997-5-7",11781
"1997-5-8",11861
"1997-5-9",11701
"1997-5-10",8568
"1997-5-11",7493
"1997-5-12",11247
"1997-5-13",12031
"1997-5-14",11703
"1997-5-15",12109
"1997-5-16",11749
"1997-5-17",8493
"1997-5-18",7845
"1997-5-19",11189
"1997-5-20",12346
"1997-5-21",11910
"1997-5-22",12023
"1997-5-23",12212
"1997-5-24",8756
"1997-5-25",7873
"1997-5-26",8079
"1997-5-27",11045
"1997-5-28",12545
"1997-5-29",12357
"1997-5-30",12061
"1997-5-31",8853
"1997-6-1",7763
"1997-6-2",10716
"1997-6-3",12037
"1997-6-4",11794
"1997-6-5",11826
"1997-6-6",11938
"1997-6-7",8678
"1997-6-8",7578
"1997-6-9",10854
"1997-6-10",12251
"1997-6-11",12075
"1997-6-12",11882
"1997-6-13",11214
"1997-6-14",8835
"1997-6-15",7777
"1997-6-16",11212
"1997-6-17",12190
"1997-6-18",11875
"1997-6-19",12012
"1997-6-20",12192
"1997-6-21",8751
"1997-6-22",8199
"1997-6-23",11031
"1997-6-24",12511
"1997-6-25",12264
"1997-6-26",12291
"1997-6-27",11916
"1997-6-28",9184
"1997-6-29",7823
"1997-6-30",11198
"1997-7-1",13003
"1997-7-2",12820
"1997-7-3",12433
"1997-7-4",9445
"1997-7-5",8255
"1997-7-6",7860
"1997-7-7",11501
"1997-7-8",12927
"1997-7-9",12292
"1997-7-10",12451
"1997-7-11",12132
"1997-7-12",8841
"1997-7-13",8092
"1997-7-14",11198
"1997-7-15",12625
"1997-7-16",12474
"1997-7-17",12552
"1997-7-18",12101
"1997-7-19",9055
"1997-7-20",7973
"1997-7-21",11410
"1997-7-22",12928
"1997-7-23",12319
"1997-7-24",11988
"1997-7-25",12178
"1997-7-26",8939
"1997-7-27",8213
"1997-7-28",11465
"1997-7-29",12482
"1997-7-30",12356
"1997-7-31",12198
"1997-8-1",12084
"1997-8-2",8775
"1997-8-3",8044
"1997-8-4",11189
"1997-8-5",12585
"1997-8-6",12046
"1997-8-7",12141
"1997-8-8",12110
"1997-8-9",8876
"1997-8-10",8174
"1997-8-11",11274
"1997-8-12",12632
"1997-8-13",11963
"1997-8-14",12342
"1997-8-15",12240
"1997-8-16",9066
"1997-8-17",8125
"1997-8-18",11387
"1997-8-19",12479
"1997-8-20",12394
"1997-8-21",12121
"1997-8-22",12081
"1997-8-23",8950
"1997-8-24",8053
"1997-8-25",11094
"1997-8-26",12577
"1997-8-27",12270
"1997-8-28",12475
"1997-8-29",12422
"1997-8-30",9078
"1997-8-31",8075
"1997-9-1",8116
"1997-9-2",11307
"1997-9-3",12720
"1997-9-4",12462
"1997-9-5",12454
"1997-9-6",9074
"1997-9-7",8281
"1997-9-8",11244
"1997-9-9",12457
"1997-9-10",12182
"1997-9-11",12467
"1997-9-12",12394
"1997-9-13",9053
"1997-9-14",8265
"1997-9-15",11584
"1997-9-16",12891
"1997-9-17",12793
"1997-9-18",12372
"1997-9-19",12560
"1997-9-20",8968
"1997-9-21",8253
"1997-9-22",11474
"1997-9-23",12621
"1997-9-24",12193
"1997-9-25",12132
"1997-9-26",12057
"1997-9-27",9119
"1997-9-28",8104
"1997-9-29",11453
"1997-9-30",12550
"1997-10-1",12161
"1997-10-2",11903
"1997-10-3",11939
"1997-10-4",8787
"1997-10-5",7726
"1997-10-6",11123
"1997-10-7",12261
"1997-10-8",11689
"1997-10-9",11623
"1997-10-10",11627
"1997-10-11",8489
"1997-10-12",7358
"1997-10-13",10180
"1997-10-14",11859
"1997-10-15",11450
"1997-10-16",11481
"1997-10-17",11451
"1997-10-18",8393
"1997-10-19",7604
"1997-10-20",10782
"1997-10-21",11957
"1997-10-22",11490
"1997-10-23",11561
"1997-10-24",11607
"1997-10-25",8438
"1997-10-26",8000
"1997-10-27",10824
"1997-10-28",11753
"1997-10-29",11593
"1997-10-30",11406
"1997-10-31",10142
"1997-11-1",8706
"1997-11-2",7884
"1997-11-3",10909
"1997-11-4",12210
"1997-11-5",11704
"1997-11-6",11608
"1997-11-7",11624
"1997-11-8",8577
"1997-11-9",7794
"1997-11-10",10796
"1997-11-11",12022
"1997-11-12",11485
"1997-11-13",11233
"1997-11-14",11615
"1997-11-15",8483
"1997-11-16",7757
"1997-11-17",10945
"1997-11-18",12014
"1997-11-19",11529
"1997-11-20",11754
"1997-11-21",11930
"1997-11-22",8769
"1997-11-23",7803
"1997-11-24",11583
"1997-11-25",12618
"1997-11-26",11216
"1997-11-27",7680
"1997-11-28",9172
"1997-11-29",8269
"1997-11-30",7593
"1997-12-1",11195
"1997-12-2",12509
"1997-12-3",11997
"1997-12-4",11810
"1997-12-5",11385
"1997-12-6",8316
"1997-12-7",7608
"1997-12-8",10696
"1997-12-9",11825
"1997-12-10",11555
"1997-12-11",11431
"1997-12-12",11380
"1997-12-13",8178
"1997-12-14",7504
"1997-12-15",11054
"1997-12-16",12506
"1997-12-17",12199
"1997-12-18",12543
"1997-12-19",12543
"1997-12-20",8997
"1997-12-21",7675
"1997-12-22",12021
"1997-12-23",12061
"1997-12-24",9129
"1997-12-25",7055
"1997-12-26",10075
"1997-12-27",8679
"1997-12-28",7864
"1997-12-29",12206
"1997-12-30",13521
"1997-12-31",11818
"1998-1-1",8213
"1998-1-2",9784
"1998-1-3",8437
"1998-1-4",7807
"1998-1-5",10556
"1998-1-6",11843
"1998-1-7",11428
"1998-1-8",11526
"1998-1-9",11469
"1998-1-10",8612
"1998-1-11",7642
"1998-1-12",10553
"1998-1-13",11850
"1998-1-14",11542
"1998-1-15",11491
"1998-1-16",11535
"1998-1-17",8698
"1998-1-18",7690
"1998-1-19",10325
"1998-1-20",11806
"1998-1-21",11650
"1998-1-22",11680
"1998-1-23",11389
"1998-1-24",8525
"1998-1-25",7586
"1998-1-26",10771
"1998-1-27",11813
"1998-1-28",11483
"1998-1-29",11513
"1998-1-30",11616
"1998-1-31",8507
"1998-2-1",7650
"1998-2-2",10867
"1998-2-3",11659
"1998-2-4",11745
"1998-2-5",11529
"1998-2-6",11573
"1998-2-7",8567
"1998-2-8",7952
"1998-2-9",11113
"1998-2-10",12166
"1998-2-11",11752
"1998-2-12",12329
"1998-2-13",11203
"1998-2-14",9112
"1998-2-15",7957
"1998-2-16",10471
"1998-2-17",11923
"1998-2-18",12022
"1998-2-19",11802
"1998-2-20",11879
"1998-2-21",8759
"1998-2-22",7779
"1998-2-23",10871
"1998-2-24",12185
"1998-2-25",11815
"1998-2-26",11817
"1998-2-27",11536
"1998-2-28",8678
"1998-3-1",7798
"1998-3-2",11019
"1998-3-3",12180
"1998-3-4",11740
"1998-3-5",12046
"1998-3-6",11811
"1998-3-7",8510
"1998-3-8",7699
"1998-3-9",10801
"1998-3-10",12150
"1998-3-11",11752
"1998-3-12",11883
"1998-3-13",11120
"1998-3-14",8697
"1998-3-15",7808
"1998-3-16",10836
"1998-3-17",12343
"1998-3-18",11918
"1998-3-19",11728
"1998-3-20",11703
"1998-3-21",8730
"1998-3-22",7625
"1998-3-23",10779
"1998-3-24",11960
"1998-3-25",11757
"1998-3-26",11983
"1998-3-27",11715
"1998-3-28",8399
"1998-3-29",7831
"1998-3-30",10990
"1998-3-31",12125
"1998-4-1",10992
"1998-4-2",11944
"1998-4-3",11976
"1998-4-4",8715
"1998-4-5",7240
"1998-4-6",10904
"1998-4-7",12255
"1998-4-8",11992
"1998-4-9",11868
"1998-4-10",11118
"1998-4-11",8437
"1998-4-12",7330
"1998-4-13",10383
"1998-4-14",12207
"1998-4-15",11898
"1998-4-16",11931
"1998-4-17",11820
"1998-4-18",8595
"1998-4-19",7557
"1998-4-20",10848
"1998-4-21",12213
"1998-4-22",11730
"1998-4-23",11729
"1998-4-24",11511
"1998-4-25",8469
"1998-4-26",7774
"1998-4-27",10832
"1998-4-28",12175
"1998-4-29",11565
"1998-4-30",11750
"1998-5-1",11776
"1998-5-2",8595
"1998-5-3",7750
"1998-5-4",11071
"1998-5-5",12440
"1998-5-6",12177
"1998-5-7",12037
"1998-5-8",11868
"1998-5-9",8701
"1998-5-10",7716
"1998-5-11",10760
"1998-5-12",12225
"1998-5-13",11511
"1998-5-14",11913
"1998-5-15",12113
"1998-5-16",8778
"1998-5-17",7810
"1998-5-18",11228
"1998-5-19",12567
"1998-5-20",12241
"1998-5-21",12482
"1998-5-22",12312
"1998-5-23",8764
"1998-5-24",7888
"1998-5-25",7953
"1998-5-26",11573
"1998-5-27",12590
"1998-5-28",12674
"1998-5-29",12255
"1998-5-30",8837
"1998-5-31",7914
"1998-6-1",11005
"1998-6-2",11762
"1998-6-3",11898
"1998-6-4",11778
"1998-6-5",11752
"1998-6-6",8892
"1998-6-7",7558
"1998-6-8",10791
"1998-6-9",12122
"1998-6-10",12007
"1998-6-11",11996
"1998-6-12",11830
"1998-6-13",8769
"1998-6-14",7836
"1998-6-15",11280
"1998-6-16",12519
"1998-6-17",12038
"1998-6-18",11968
"1998-6-19",11877
"1998-6-20",8819
"1998-6-21",7794
"1998-6-22",11218
"1998-6-23",12351
"1998-6-24",12246
"1998-6-25",12258
"1998-6-26",12050
"1998-6-27",8840
"1998-6-28",7930
"1998-6-29",11025
"1998-6-30",12882
"1998-7-1",12680
"1998-7-2",12517
"1998-7-3",10371
"1998-7-4",8372
"1998-7-5",7694
"1998-7-6",11030
"1998-7-7",12753
"1998-7-8",12535
"1998-7-9",12463
"1998-7-10",12288
"1998-7-11",8996
"1998-7-12",8096
"1998-7-13",11149
"1998-7-14",13034
"1998-7-15",12593
"1998-7-16",12467
"1998-7-17",12345
"1998-7-18",8905
"1998-7-19",8018
"1998-7-20",11598
"1998-7-21",12686
"1998-7-22",12785
"1998-7-23",12536
"1998-7-24",12287
"1998-7-25",8888
"1998-7-26",8069
"1998-7-27",11350
"1998-7-28",12919
"1998-7-29",12556
"1998-7-30",12375
"1998-7-31",12296
"1998-8-1",8784
"1998-8-2",7876
"1998-8-3",11277
"1998-8-4",12758
"1998-8-5",12244
"1998-8-6",12535
"1998-8-7",12258
"1998-8-8",9256
"1998-8-9",8168
"1998-8-10",11622
"1998-8-11",12857
"1998-8-12",12577
"1998-8-13",12487
"1998-8-14",12486
"1998-8-15",9296
"1998-8-16",8176
"1998-8-17",11565
"1998-8-18",12878
"1998-8-19",12491
"1998-8-20",12467
"1998-8-21",12496
"1998-8-22",9106
"1998-8-23",8252
"1998-8-24",11627
"1998-8-25",12908
"1998-8-26",12459
"1998-8-27",12595
"1998-8-28",12447
"1998-8-29",9230
"1998-8-30",8162
"1998-8-31",11396
"1998-9-1",12677
"1998-9-2",12289
"1998-9-3",12474
"1998-9-4",12820
"1998-9-5",9057
"1998-9-6",7979
"1998-9-7",8428
"1998-9-8",12092
"1998-9-9",13501
"1998-9-10",13306
"1998-9-11",12920
"1998-9-12",9463
"1998-9-13",8434
"1998-9-14",11694
"1998-9-15",12975
"1998-9-16",12768
"1998-9-17",12905
"1998-9-18",13030
"1998-9-19",9541
"1998-9-20",8431
"1998-9-21",11647
"1998-9-22",12774
"1998-9-23",12805
"1998-9-24",12708
"1998-9-25",12501
"1998-9-26",9230
"1998-9-27",8279
"1998-9-28",11744
"1998-9-29",12716
"1998-9-30",12196
"1998-10-1",12410
"1998-10-2",12247
"1998-10-3",8895
"1998-10-4",7927
"1998-10-5",11235
"1998-10-6",12555
"1998-10-7",12119
"1998-10-8",12128
"1998-10-9",11750
"1998-10-10",8610
"1998-10-11",7785
"1998-10-12",10645
"1998-10-13",11815
"1998-10-14",12063
"1998-10-15",12049
"1998-10-16",11792
"1998-10-17",8475
"1998-10-18",7795
"1998-10-19",10797
"1998-10-20",12404
"1998-10-21",11721
"1998-10-22",11866
"1998-10-23",11644
"1998-10-24",8447
"1998-10-25",7768
"1998-10-26",10967
"1998-10-27",11996
"1998-10-28",11841
"1998-10-29",11667
"1998-10-30",11213
"1998-10-31",8164
"1998-11-1",7849
"1998-11-2",11139
"1998-11-3",12235
"1998-11-4",11726
"1998-11-5",12007
"1998-11-6",11773
"1998-11-7",8623
"1998-11-8",7615
"1998-11-9",11171
"1998-11-10",12312
"1998-11-11",11662
"1998-11-12",11904
"1998-11-13",10968
"1998-11-14",8689
"1998-11-15",7759
"1998-11-16",11103
"1998-11-17",12348
"1998-11-18",11729
"1998-11-19",11815
"1998-11-20",12095
"1998-11-21",8687
"1998-11-22",7649
"1998-11-23",11942
"1998-11-24",13143
"1998-11-25",11311
"1998-11-26",7658
"1998-11-27",9185
"1998-11-28",8295
"1998-11-29",7732
"1998-11-30",11117
"1998-12-1",12612
"1998-12-2",12003
"1998-12-3",11990
"1998-12-4",11661
"1998-12-5",8368
"1998-12-6",7614
"1998-12-7",10872
"1998-12-8",12354
"1998-12-9",11824
"1998-12-10",11685
"1998-12-11",11284
"1998-12-12",8418
"1998-12-13",7460
"1998-12-14",11063
"1998-12-15",12430
"1998-12-16",12256
"1998-12-17",12572
"1998-12-18",12634
"1998-12-19",8804
"1998-12-20",7792
"1998-12-21",12414
"1998-12-22",13286
"1998-12-23",11149
"1998-12-24",8464
"1998-12-25",7020
"1998-12-26",7735
"1998-12-27",7829
"1998-12-28",11980
"1998-12-29",13637
"1998-12-30",13297
"1998-12-31",11389
"1999-1-1",8163
"1999-1-2",7637
"1999-1-3",7416
"1999-1-4",10396
"1999-1-5",12004
"1999-1-6",11718
"1999-1-7",11901
"1999-1-8",11772
"1999-1-9",8466
"1999-1-10",7704
"1999-1-11",10816
"1999-1-12",12190
"1999-1-13",11626
"1999-1-14",11767
"1999-1-15",11704
"1999-1-16",8444
"1999-1-17",7679
"1999-1-18",10508
"1999-1-19",11812
"1999-1-20",11901
"1999-1-21",12027
"1999-1-22",11677
"1999-1-23",8587
"1999-1-24",7597
"1999-1-25",10973
"1999-1-26",11915
"1999-1-27",11548
"1999-1-28",11745
"1999-1-29",11571
"1999-1-30",8473
"1999-1-31",7445
"1999-2-1",10718
"1999-2-2",12037
"1999-2-3",11747
"1999-2-4",11811
"1999-2-5",11693
"1999-2-6",8394
"1999-2-7",7675
"1999-2-8",11022
"1999-2-9",12157
"1999-2-10",11849
"1999-2-11",12086
"1999-2-12",11709
"1999-2-13",8298
"1999-2-14",7902
"1999-2-15",10431
"1999-2-16",11987
"1999-2-17",11868
"1999-2-18",11909
"1999-2-19",11818
"1999-2-20",8604
"1999-2-21",7664
"1999-2-22",10958
"1999-2-23",11875
"1999-2-24",11761
"1999-2-25",11716
"1999-2-26",11615
"1999-2-27",8458
"1999-2-28",7806
"1999-3-1",10958
"1999-3-2",12288
"1999-3-3",11998
"1999-3-4",11767
"1999-3-5",11841
"1999-3-6",8616
"1999-3-7",7578
"1999-3-8",10749
"1999-3-9",11896
"1999-3-10",11823
"1999-3-11",11832
"1999-3-12",11834
"1999-3-13",8436
"1999-3-14",7549
"1999-3-15",10830
"1999-3-16",12134
"1999-3-17",11928
"1999-3-18",11915
"1999-3-19",11554
"1999-3-20",8621
"1999-3-21",7582
"1999-3-22",10743
"1999-3-23",12132
"1999-3-24",11764
"1999-3-25",11879
"1999-3-26",11543
"1999-3-27",8592
"1999-3-28",7389
"1999-3-29",11259
"1999-3-30",12071
"1999-3-31",11838
"1999-4-1",11313
"1999-4-2",11354
"1999-4-3",8059
"1999-4-4",7067
"1999-4-5",10820
"1999-4-6",12063
"1999-4-7",11941
"1999-4-8",11724
"1999-4-9",11550
"1999-4-10",8364
"1999-4-11",7510
"1999-4-12",10849
"1999-4-13",11884
"1999-4-14",11669
"1999-4-15",11818
"1999-4-16",11546
"1999-4-17",8633
"1999-4-18",7394
"1999-4-19",10767
"1999-4-20",12067
"1999-4-21",11636
"1999-4-22",11763
"1999-4-23",11533
"1999-4-24",8301
"1999-4-25",7370
"1999-4-26",10806
"1999-4-27",12013
"1999-4-28",11915
"1999-4-29",11743
"1999-4-30",11417
"1999-5-1",8522
"1999-5-2",7537
"1999-5-3",10972
"1999-5-4",12455
"1999-5-5",12278
"1999-5-6",12267
"1999-5-7",11857
"1999-5-8",8314
"1999-5-9",7630
"1999-5-10",11158
"1999-5-11",12316
"1999-5-12",12111
"1999-5-13",11801
"1999-5-14",11874
"1999-5-15",8492
"1999-5-16",7600
"1999-5-17",11106
"1999-5-18",12438
"1999-5-19",11758
"1999-5-20",11944
"1999-5-21",11895
"1999-5-22",8558
"1999-5-23",7700
"1999-5-24",11340
"1999-5-25",12833
"1999-5-26",12346
"1999-5-27",12640
"1999-5-28",12405
"1999-5-29",8875
"1999-5-30",7661
"1999-5-31",7843
"1999-6-1",11583
"1999-6-2",12961
"1999-6-3",12796
"1999-6-4",12340
"1999-6-5",8814
"1999-6-6",7691
"1999-6-7",11105
"1999-6-8",12338
"1999-6-9",12010
"1999-6-10",12259
"1999-6-11",12028
"1999-6-12",8654
"1999-6-13",7648
"1999-6-14",11145
"1999-6-15",12525
"1999-6-16",12089
"1999-6-17",12069
"1999-6-18",11861
"1999-6-19",8621
"1999-6-20",7675
"1999-6-21",11492
"1999-6-22",12527
"1999-6-23",12130
"1999-6-24",12343
"1999-6-25",11768
"1999-6-26",8922
"1999-6-27",7968
"1999-6-28",11506
"1999-6-29",12853
"1999-6-30",12480
"1999-7-1",12828
"1999-7-2",12525
"1999-7-3",8764
"1999-7-4",7973
"1999-7-5",8413
"1999-7-6",11799
"1999-7-7",13343
"1999-7-8",13245
"1999-7-9",12566
"1999-7-10",9196
"1999-7-11",7882
"1999-7-12",11489
"1999-7-13",12646
"1999-7-14",12631
"1999-7-15",12795
"1999-7-16",12582
"1999-7-17",9034
"1999-7-18",8025
"1999-7-19",11556
"1999-7-20",12849
"1999-7-21",12685
"1999-7-22",12945
"1999-7-23",12674
"1999-7-24",9258
"1999-7-25",8182
"1999-7-26",11687
"1999-7-27",12903
"1999-7-28",12803
"1999-7-29",12840
"1999-7-30",12537
"1999-7-31",9157
"1999-8-1",8167
"1999-8-2",11663
"1999-8-3",12660
"1999-8-4",12564
"1999-8-5",12587
"1999-8-6",12448
"1999-8-7",9070
"1999-8-8",8074
"1999-8-9",11408
"1999-8-10",13035
"1999-8-11",12572
"1999-8-12",13103
"1999-8-13",11924
"1999-8-14",9143
"1999-8-15",8190
"1999-8-16",11753
"1999-8-17",13201
"1999-8-18",12833
"1999-8-19",12783
"1999-8-20",12764
"1999-8-21",9114
"1999-8-22",7964
"1999-8-23",11673
"1999-8-24",13035
"1999-8-25",12595
"1999-8-26",12628
"1999-8-27",12570
"1999-8-28",9387
"1999-8-29",8203
"1999-8-30",11568
"1999-8-31",12692
"1999-9-1",12572
"1999-9-2",12896
"1999-9-3",12914
"1999-9-4",8953
"1999-9-5",8203
"1999-9-6",8249
"1999-9-7",11969
"1999-9-8",13437
"1999-9-9",14540
"1999-9-10",13181
"1999-9-11",9634
"1999-9-12",8463
"1999-9-13",11481
"1999-9-14",12770
"1999-9-15",12880
"1999-9-16",12843
"1999-9-17",13142
"1999-9-18",9599
"1999-9-19",8559
"1999-9-20",11961
"1999-9-21",13384
"1999-9-22",12994
"1999-9-23",13149
"1999-9-24",13009
"1999-9-25",9568
"1999-9-26",8290
"1999-9-27",12103
"1999-9-28",13358
"1999-9-29",12785
"1999-9-30",12523
"1999-10-1",12544
"1999-10-2",9099
"1999-10-3",7888
"1999-10-4",11506
"1999-10-5",12871
"1999-10-6",12534
"1999-10-7",12306
"1999-10-8",12341
"1999-10-9",8804
"1999-10-10",7835
"1999-10-11",11203
"1999-10-12",12442
"1999-10-13",12041
"1999-10-14",12115
"1999-10-15",12187
"1999-10-16",8594
"1999-10-17",7562
"1999-10-18",11021
"1999-10-19",12354
"1999-10-20",11830
"1999-10-21",11960
"1999-10-22",11912
"1999-10-23",8404
"1999-10-24",7465
"1999-10-25",11077
"1999-10-26",12221
"1999-10-27",11654
"1999-10-28",11693
"1999-10-29",11534
"1999-10-30",8488
"1999-10-31",7495
"1999-11-1",10839
"1999-11-2",12098
"1999-11-3",11803
"1999-11-4",11806
"1999-11-5",11868
"1999-11-6",8533
"1999-11-7",7481
"1999-11-8",11049
"1999-11-9",12092
"1999-11-10",11632
"1999-11-11",11802
"1999-11-12",11556
"1999-11-13",8349
"1999-11-14",7526
"1999-11-15",10928
"1999-11-16",12263
"1999-11-17",11665
"1999-11-18",11908
"1999-11-19",12128
"1999-11-20",8630
"1999-11-21",7514
"1999-11-22",12104
"1999-11-23",12804
"1999-11-24",11409
"1999-11-25",7529
"1999-11-26",8892
"1999-11-27",8024
"1999-11-28",7418
"1999-11-29",11095
"1999-11-30",12544
"1999-12-1",12282
"1999-12-2",11976
"1999-12-3",11591
"1999-12-4",8333
"1999-12-5",7503
"1999-12-6",10956
"1999-12-7",12329
"1999-12-8",11849
"1999-12-9",11728
"1999-12-10",11459
"1999-12-11",8442
"1999-12-12",7528
"1999-12-13",10830
"1999-12-14",12667
"1999-12-15",12623
"1999-12-16",12441
"1999-12-17",12453
"1999-12-18",8979
"1999-12-19",7732
"1999-12-20",12497
"1999-12-21",13508
"1999-12-22",12166
"1999-12-23",10591
"1999-12-24",8046
"1999-12-25",6674
"1999-12-26",7432
"1999-12-27",11579
"1999-12-28",13158
"1999-12-29",12629
"1999-12-30",11935
"1999-12-31",9335
"2000-1-1",8843
"2000-1-2",7816
"2000-1-3",11123
"2000-1-4",12703
"2000-1-5",12240
"2000-1-6",12260
"2000-1-7",12280
"2000-1-8",8750
"2000-1-9",7736
"2000-1-10",11418
"2000-1-11",12323
"2000-1-12",12057
"2000-1-13",11556
"2000-1-14",11924
"2000-1-15",8365
"2000-1-16",7499
"2000-1-17",10601
"2000-1-18",12086
"2000-1-19",12083
"2000-1-20",12188
"2000-1-21",11667
"2000-1-22",8633
"2000-1-23",7712
"2000-1-24",11184
"2000-1-25",12253
"2000-1-26",11879
"2000-1-27",12136
"2000-1-28",11673
"2000-1-29",8635
"2000-1-30",7603
"2000-1-31",10882
"2000-2-1",12359
"2000-2-2",12082
"2000-2-3",11806
"2000-2-4",11828
"2000-2-5",8474
"2000-2-6",7730
"2000-2-7",11375
"2000-2-8",12591
"2000-2-9",12024
"2000-2-10",12339
"2000-2-11",12182
"2000-2-12",8674
"2000-2-13",7801
"2000-2-14",11920
"2000-2-15",12711
"2000-2-16",12256
"2000-2-17",12274
"2000-2-18",12162
"2000-2-19",8693
"2000-2-20",7763
"2000-2-21",10406
"2000-2-22",12401
"2000-2-23",11972
"2000-2-24",12160
"2000-2-25",11971
"2000-2-26",8847
"2000-2-27",7716
"2000-2-28",11215
"2000-2-29",11645
"2000-3-1",12407
"2000-3-2",12261
"2000-3-3",12120
"2000-3-4",8861
"2000-3-5",7599
"2000-3-6",11122
"2000-3-7",12133
"2000-3-8",12061
"2000-3-9",12303
"2000-3-10",11898
"2000-3-11",8657
"2000-3-12",7762
"2000-3-13",10946
"2000-3-14",12523
"2000-3-15",12114
"2000-3-16",12154
"2000-3-17",12147
"2000-3-18",8502
"2000-3-19",7623
"2000-3-20",11281
"2000-3-21",12370
"2000-3-22",12047
"2000-3-23",12168
"2000-3-24",12104
"2000-3-25",8975
"2000-3-26",7675
"2000-3-27",11051
"2000-3-28",12394
"2000-3-29",11806
"2000-3-30",11851
"2000-3-31",11638
"2000-4-1",8238
"2000-4-2",7419
"2000-4-3",11178
"2000-4-4",12523
"2000-4-5",11946
"2000-4-6",11929
"2000-4-7",12004
"2000-4-8",8583
"2000-4-9",7628
"2000-4-10",11108
"2000-4-11",12567
"2000-4-12",12241
"2000-4-13",11677
"2000-4-14",11829
"2000-4-15",8718
"2000-4-16",7725
"2000-4-17",11115
"2000-4-18",12525
"2000-4-19",12251
"2000-4-20",12055
"2000-4-21",11080
"2000-4-22",8233
"2000-4-23",7375
"2000-4-24",11109
"2000-4-25",12237
"2000-4-26",11994
"2000-4-27",12013
"2000-4-28",11785
"2000-4-29",8580
"2000-4-30",7515
"2000-5-1",11399
"2000-5-2",12692
"2000-5-3",12017
"2000-5-4",12212
"2000-5-5",12252
"2000-5-6",8689
"2000-5-7",7675
"2000-5-8",11384
"2000-5-9",12470
"2000-5-10",12342
"2000-5-11",12185
"2000-5-12",11928
"2000-5-13",8569
"2000-5-14",7495
"2000-5-15",11316
"2000-5-16",12581
"2000-5-17",12487
"2000-5-18",12336
"2000-5-19",11961
"2000-5-20",8476
"2000-5-21",7741
"2000-5-22",11365
"2000-5-23",12806
"2000-5-24",12427
"2000-5-25",12752
"2000-5-26",12503
"2000-5-27",8866
"2000-5-28",7758
"2000-5-29",8099
"2000-5-30",11699
"2000-5-31",12725
"2000-6-1",13114
"2000-6-2",12428
"2000-6-3",8776
"2000-6-4",7860
"2000-6-5",11458
"2000-6-6",12434
"2000-6-7",12217
"2000-6-8",12508
"2000-6-9",12275
"2000-6-10",8956
"2000-6-11",7961
"2000-6-12",11580
"2000-6-13",12416
"2000-6-14",12599
"2000-6-15",12528
"2000-6-16",12524
"2000-6-17",8981
"2000-6-18",8024
"2000-6-19",11425
"2000-6-20",12764
"2000-6-21",12497
"2000-6-22",12561
"2000-6-23",12364
"2000-6-24",8952
"2000-6-25",8057
"2000-6-26",11914
"2000-6-27",13103
"2000-6-28",12776
"2000-6-29",13184
"2000-6-30",12970
"2000-7-1",9215
"2000-7-2",7933
"2000-7-3",11080
"2000-7-4",9394
"2000-7-5",12078
"2000-7-6",13558
"2000-7-7",13372
"2000-7-8",9479
"2000-7-9",8435
"2000-7-10",12161
"2000-7-11",13267
"2000-7-12",12543
"2000-7-13",12684
"2000-7-14",12941
"2000-7-15",9392
"2000-7-16",8313
"2000-7-17",11876
"2000-7-18",13354
"2000-7-19",12718
"2000-7-20",12855
"2000-7-21",12767
"2000-7-22",9269
"2000-7-23",8011
"2000-7-24",11916
"2000-7-25",12943
"2000-7-26",12700
"2000-7-27",12849
"2000-7-28",12654
"2000-7-29",9303
"2000-7-30",8289
"2000-7-31",11626
"2000-8-1",13081
"2000-8-2",12489
"2000-8-3",12834
"2000-8-4",12681
"2000-8-5",9236
"2000-8-6",8201
"2000-8-7",11628
"2000-8-8",13334
"2000-8-9",12926
"2000-8-10",12694
"2000-8-11",12478
"2000-8-12",9072
"2000-8-13",8174
"2000-8-14",11638
"2000-8-15",13067
"2000-8-16",12876
"2000-8-17",12828
"2000-8-18",12839
"2000-8-19",9102
"2000-8-20",8122
"2000-8-21",11711
"2000-8-22",13172
"2000-8-23",12685
"2000-8-24",12737
"2000-8-25",12623
"2000-8-26",9193
"2000-8-27",8086
"2000-8-28",11794
"2000-8-29",12922
"2000-8-30",12805
"2000-8-31",13052
"2000-9-1",12826
"2000-9-2",9066
"2000-9-3",8080
"2000-9-4",8412
"2000-9-5",11871
"2000-9-6",13577
"2000-9-7",13194
"2000-9-8",13166
"2000-9-9",9617
"2000-9-10",8354
"2000-9-11",12091
"2000-9-12",13263
"2000-9-13",12965
"2000-9-14",13432
"2000-9-15",13245
"2000-9-16",9580
"2000-9-17",8512
"2000-9-18",12244
"2000-9-19",13533
"2000-9-20",13384
"2000-9-21",13050
"2000-9-22",12893
"2000-9-23",9304
"2000-9-24",8392
"2000-9-25",12150
"2000-9-26",13210
"2000-9-27",13137
"2000-9-28",13202
"2000-9-29",12724
"2000-9-30",9135
"2000-10-1",8279
"2000-10-2",11905
"2000-10-3",12969
"2000-10-4",12841
"2000-10-5",12943
"2000-10-6",12491
"2000-10-7",8925
"2000-10-8",7956
"2000-10-9",11022
"2000-10-10",12750
"2000-10-11",12564
"2000-10-12",12756
"2000-10-13",11468
"2000-10-14",8985
"2000-10-15",7972
"2000-10-16",11702
"2000-10-17",12805
"2000-10-18",12470
"2000-10-19",12195
"2000-10-20",12146
"2000-10-21",8765
"2000-10-22",7772
"2000-10-23",11526
"2000-10-24",12685
"2000-10-25",12463
"2000-10-26",12475
"2000-10-27",12051
"2000-10-28",8790
"2000-10-29",7954
"2000-10-30",11227
"2000-10-31",11069
"2000-11-1",12579
"2000-11-2",12734
"2000-11-3",12329
"2000-11-4",8853
"2000-11-5",7890
"2000-11-6",11520
"2000-11-7",12592
"2000-11-8",12506
"2000-11-9",12502
"2000-11-10",12300
"2000-11-11",9052
"2000-11-12",7874
"2000-11-13",11129
"2000-11-14",12776
"2000-11-15",12623
"2000-11-16",12706
"2000-11-17",12606
"2000-11-18",8906
"2000-11-19",7872
"2000-11-20",12625
"2000-11-21",13672
"2000-11-22",12038
"2000-11-23",7939
"2000-11-24",9539
"2000-11-25",8320
"2000-11-26",7793
"2000-11-27",11831
"2000-11-28",13446
"2000-11-29",12786
"2000-11-30",12473
"2000-12-1",12219
"2000-12-2",8622
"2000-12-3",7748
"2000-12-4",11176
"2000-12-5",12607
"2000-12-6",12363
"2000-12-7",12498
"2000-12-8",12263
"2000-12-9",8635
"2000-12-10",7807
"2000-12-11",11506
"2000-12-12",13189
"2000-12-13",12214
"2000-12-14",12313
"2000-12-15",12368
"2000-12-16",8981
"2000-12-17",7845
"2000-12-18",12276
"2000-12-19",13430
"2000-12-20",13391
"2000-12-21",13146
"2000-12-22",11937
"2000-12-23",8294
"2000-12-24",6801
"2000-12-25",6566
"2000-12-26",10070
"2000-12-27",12858
"2000-12-28",13532
"2000-12-29",13234
"2000-12-30",9177
"2000-12-31",7721
"2001-1-1",7437
"2001-1-2",10346
"2001-1-3",12113
"2001-1-4",12429
"2001-1-5",12427
"2001-1-6",9019
"2001-1-7",7747
"2001-1-8",11239
"2001-1-9",12105
"2001-1-10",12160
"2001-1-11",12155
"2001-1-12",12464
"2001-1-13",8647
"2001-1-14",7674
"2001-1-15",10720
"2001-1-16",12041
"2001-1-17",12046
"2001-1-18",12362
"2001-1-19",12044
"2001-1-20",8602
"2001-1-21",7668
"2001-1-22",11219
"2001-1-23",12176
"2001-1-24",12046
"2001-1-25",12316
"2001-1-26",11993
"2001-1-27",8640
"2001-1-28",7641
"2001-1-29",11269
"2001-1-30",12237
"2001-1-31",12216
"2001-2-1",12186
"2001-2-2",12188
"2001-2-3",8476
"2001-2-4",7608
"2001-2-5",11546
"2001-2-6",12247
"2001-2-7",12091
"2001-2-8",12147
"2001-2-9",12086
"2001-2-10",8637
"2001-2-11",7437
"2001-2-12",11413
"2001-2-13",12012
"2001-2-14",12890
"2001-2-15",12407
"2001-2-16",12119
"2001-2-17",8474
"2001-2-18",7422
"2001-2-19",10356
"2001-2-20",12113
"2001-2-21",12206
"2001-2-22",12234
"2001-2-23",12040
"2001-2-24",8491
"2001-2-25",7646
"2001-2-26",11073
"2001-2-27",12068
"2001-2-28",11921
"2001-3-1",12263
"2001-3-2",12128
"2001-3-3",8761
"2001-3-4",7675
"2001-3-5",11182
"2001-3-6",12052
"2001-3-7",12094
"2001-3-8",12194
"2001-3-9",12242
"2001-3-10",8679
"2001-3-11",7564
"2001-3-12",11366
"2001-3-13",12273
"2001-3-14",12367
"2001-3-15",12286
"2001-3-16",12248
"2001-3-17",8850
"2001-3-18",7399
"2001-3-19",11099
"2001-3-20",12574
"2001-3-21",12394
"2001-3-22",12262
"2001-3-23",12213
"2001-3-24",8683
"2001-3-25",7689
"2001-3-26",11042
"2001-3-27",12328
"2001-3-28",12175
"2001-3-29",12166
"2001-3-30",11855
"2001-3-31",8581
"2001-4-1",7037
"2001-4-2",11430
"2001-4-3",12578
"2001-4-4",12409
"2001-4-5",12233
"2001-4-6",12221
"2001-4-7",8626
"2001-4-8",7594
"2001-4-9",11349
"2001-4-10",12745
"2001-4-11",12631
"2001-4-12",12511
"2001-4-13",10741
"2001-4-14",8102
"2001-4-15",7080
"2001-4-16",11002
"2001-4-17",12636
"2001-4-18",12151
"2001-4-19",11942
"2001-4-20",12047
"2001-4-21",8671
"2001-4-22",7643
"2001-4-23",11462
"2001-4-24",12720
"2001-4-25",12444
"2001-4-26",12309
"2001-4-27",12154
"2001-4-28",8474
"2001-4-29",7481
"2001-4-30",11190
"2001-5-1",12745
"2001-5-2",12289
"2001-5-3",12302
"2001-5-4",12062
"2001-5-5",8632
"2001-5-6",7861
"2001-5-7",11432
"2001-5-8",12751
"2001-5-9",12225
"2001-5-10",12398
"2001-5-11",12117
"2001-5-12",8537
"2001-5-13",7370
"2001-5-14",11343
"2001-5-15",12829
"2001-5-16",12373
"2001-5-17",12426
"2001-5-18",12132
"2001-5-19",8658
"2001-5-20",7597
"2001-5-21",11398
"2001-5-22",12785
"2001-5-23",12662
"2001-5-24",12932
"2001-5-25",12504
"2001-5-26",8790
"2001-5-27",7409
"2001-5-28",7810
"2001-5-29",11754
"2001-5-30",13112
"2001-5-31",12782
"2001-6-1",12426
"2001-6-2",8753
"2001-6-3",7762
"2001-6-4",11239
"2001-6-5",12401
"2001-6-6",12507
"2001-6-7",12333
"2001-6-8",12231
"2001-6-9",8604
"2001-6-10",7559
"2001-6-11",11521
"2001-6-12",12894
"2001-6-13",12102
"2001-6-14",12429
"2001-6-15",12192
"2001-6-16",8631
"2001-6-17",7607
"2001-6-18",11559
"2001-6-19",12517
"2001-6-20",12452
"2001-6-21",12323
"2001-6-22",12068
"2001-6-23",8304
"2001-6-24",7501
"2001-6-25",11363
"2001-6-26",12638
"2001-6-27",12560
"2001-6-28",12830
"2001-6-29",12683
"2001-6-30",9096
"2001-7-1",7953
"2001-7-2",12154
"2001-7-3",13081
"2001-7-4",9450
"2001-7-5",12264
"2001-7-6",12901
"2001-7-7",9357
"2001-7-8",8121
"2001-7-9",11794
"2001-7-10",13317
"2001-7-11",12690
"2001-7-12",12949
"2001-7-13",11978
"2001-7-14",9112
"2001-7-15",7922
"2001-7-16",12160
"2001-7-17",13357
"2001-7-18",12970
"2001-7-19",13031
"2001-7-20",12697
"2001-7-21",9189
"2001-7-22",7961
"2001-7-23",11836
"2001-7-24",13239
"2001-7-25",12785
"2001-7-26",12784
"2001-7-27",12441
"2001-7-28",8952
"2001-7-29",7787
"2001-7-30",11912
"2001-7-31",12903
"2001-8-1",12654
"2001-8-2",12846
"2001-8-3",12619
"2001-8-4",8993
"2001-8-5",7948
"2001-8-6",11735
"2001-8-7",13198
"2001-8-8",12884
"2001-8-9",13080
"2001-8-10",12833
"2001-8-11",9100
"2001-8-12",8130
"2001-8-13",11446
"2001-8-14",13037
"2001-8-15",13005
"2001-8-16",13126
"2001-8-17",12871
"2001-8-18",9097
"2001-8-19",7809
"2001-8-20",12030
"2001-8-21",13236
"2001-8-22",12855
"2001-8-23",12918
"2001-8-24",12736
"2001-8-25",9048
"2001-8-26",7977
"2001-8-27",11844
"2001-8-28",13465
"2001-8-29",12873
"2001-8-30",13232
"2001-8-31",13177
"2001-9-1",9090
"2001-9-2",8056
"2001-9-3",7950
"2001-9-4",12219
"2001-9-5",13730
"2001-9-6",13658
"2001-9-7",13465
"2001-9-8",9200
"2001-9-9",8184
"2001-9-10",12227
"2001-9-11",13238
"2001-9-12",12818
"2001-9-13",12857
"2001-9-14",13211
"2001-9-15",9470
"2001-9-16",8175
"2001-9-17",12412
"2001-9-18",13233
"2001-9-19",13244
"2001-9-20",13435
"2001-9-21",13034
"2001-9-22",9397
"2001-9-23",8341
"2001-9-24",12292
"2001-9-25",13695
"2001-9-26",13131
"2001-9-27",12965
"2001-9-28",12925
"2001-9-29",9043
"2001-9-30",7869
"2001-10-1",12109
"2001-10-2",13189
"2001-10-3",12756
"2001-10-4",12960
"2001-10-5",12589
"2001-10-6",8725
"2001-10-7",7621
"2001-10-8",11298
"2001-10-9",12580
"2001-10-10",12515
"2001-10-11",12304
"2001-10-12",12460
"2001-10-13",8526
"2001-10-14",7611
"2001-10-15",11394
"2001-10-16",12477
"2001-10-17",12297
"2001-10-18",12316
"2001-10-19",12121
"2001-10-20",8563
"2001-10-21",7331
"2001-10-22",11446
"2001-10-23",12571
"2001-10-24",12364
"2001-10-25",12220
"2001-10-26",11996
"2001-10-27",8292
"2001-10-28",7522
"2001-10-29",11143
"2001-10-30",12177
"2001-10-31",10601
"2001-11-1",12559
"2001-11-2",12056
"2001-11-3",8434
"2001-11-4",7392
"2001-11-5",11402
"2001-11-6",12345
"2001-11-7",12109
"2001-11-8",12233
"2001-11-9",12185
"2001-11-10",8529
"2001-11-11",7458
"2001-11-12",11423
"2001-11-13",12066
"2001-11-14",12258
"2001-11-15",12636
"2001-11-16",12708
"2001-11-17",8559
"2001-11-18",7371
"2001-11-19",12487
"2001-11-20",13252
"2001-11-21",11818
"2001-11-22",7363
"2001-11-23",9332
"2001-11-24",7916
"2001-11-25",7290
"2001-11-26",11498
"2001-11-27",12930
"2001-11-28",12207
"2001-11-29",12180
"2001-11-30",11750
"2001-12-1",8038
"2001-12-2",7216
"2001-12-3",11275
"2001-12-4",12293
"2001-12-5",12307
"2001-12-6",11892
"2001-12-7",11424
"2001-12-8",8189
"2001-12-9",7333
"2001-12-10",11345
"2001-12-11",12407
"2001-12-12",12510
"2001-12-13",11948
"2001-12-14",12143
"2001-12-15",8447
"2001-12-16",7309
"2001-12-17",12049
"2001-12-18",13300
"2001-12-19",13072
"2001-12-20",13558
"2001-12-21",13185
"2001-12-22",8879
"2001-12-23",7082
"2001-12-24",7448
"2001-12-25",6443
"2001-12-26",10735
"2001-12-27",13762
"2001-12-28",13918
"2001-12-29",9365
"2001-12-30",7679
"2001-12-31",10018
"2002-1-1",7790
"2002-1-2",10420
"2002-1-3",12134
"2002-1-4",12433
"2002-1-5",8760
"2002-1-6",7505
"2002-1-7",11371
"2002-1-8",12248
"2002-1-9",11391
"2002-1-10",12318
"2002-1-11",12048
"2002-1-12",8399
"2002-1-13",7355
"2002-1-14",11344
"2002-1-15",12101
"2002-1-16",11697
"2002-1-17",12077
"2002-1-18",12015
"2002-1-19",8301
"2002-1-20",7338
"2002-1-21",10741
"2002-1-22",12104
"2002-1-23",11970
"2002-1-24",12235
"2002-1-25",11867
"2002-1-26",8400
"2002-1-27",7387
"2002-1-28",11139
"2002-1-29",11963
"2002-1-30",11902
"2002-1-31",11921
"2002-2-1",11943
"2002-2-2",8799
"2002-2-3",7322
"2002-2-4",11176
"2002-2-5",12242
"2002-2-6",11934
"2002-2-7",12157
"2002-2-8",12223
"2002-2-9",8589
"2002-2-10",7461
"2002-2-11",11348
"2002-2-12",12467
"2002-2-13",11814
"2002-2-14",12785
"2002-2-15",12334
"2002-2-16",8563
"2002-2-17",7310
"2002-2-18",10729
"2002-2-19",12053
"2002-2-20",12516
"2002-2-21",12166
"2002-2-22",12459
"2002-2-23",8515
"2002-2-24",7372
"2002-2-25",11322
"2002-2-26",12227
"2002-2-27",12055
"2002-2-28",12096
"2002-3-1",12214
"2002-3-2",8310
"2002-3-3",7497
"2002-3-4",11422
"2002-3-5",12435
"2002-3-6",12152
"2002-3-7",12299
"2002-3-8",12037
"2002-3-9",8470
"2002-3-10",7529
"2002-3-11",10989
"2002-3-12",12384
"2002-3-13",11810
"2002-3-14",12358
"2002-3-15",12249
"2002-3-16",8596
"2002-3-17",7526
"2002-3-18",11434
"2002-3-19",12439
"2002-3-20",12278
"2002-3-21",12249
"2002-3-22",12056
"2002-3-23",8466
"2002-3-24",7314
"2002-3-25",11292
"2002-3-26",12562
"2002-3-27",12353
"2002-3-28",12265
"2002-3-29",11324
"2002-3-30",8177
"2002-3-31",7019
"2002-4-1",10090
"2002-4-2",12560
"2002-4-3",12147
"2002-4-4",12061
"2002-4-5",11812
"2002-4-6",8191
"2002-4-7",7008
"2002-4-8",11478
"2002-4-9",12465
"2002-4-10",12188
"2002-4-11",12040
"2002-4-12",12070
"2002-4-13",8345
"2002-4-14",7482
"2002-4-15",11220
"2002-4-16",12586
"2002-4-17",12271
"2002-4-18",12219
"2002-4-19",12054
"2002-4-20",8113
"2002-4-21",7205
"2002-4-22",11365
"2002-4-23",12255
"2002-4-24",12066
"2002-4-25",12249
"2002-4-26",11737
"2002-4-27",8127
"2002-4-28",7417
"2002-4-29",11230
"2002-4-30",12381
"2002-5-1",12080
"2002-5-2",12157
"2002-5-3",11923
"2002-5-4",8104
"2002-5-5",7338
"2002-5-6",11167
"2002-5-7",12265
"2002-5-8",12082
"2002-5-9",12035
"2002-5-10",12140
"2002-5-11",8216
"2002-5-12",7370
"2002-5-13",11235
"2002-5-14",12655
"2002-5-15",12489
"2002-5-16",12374
"2002-5-17",11963
"2002-5-18",8420
"2002-5-19",7358
"2002-5-20",11568
"2002-5-21",12675
"2002-5-22",12463
"2002-5-23",12871
"2002-5-24",12569
"2002-5-25",8374
"2002-5-26",7221
"2002-5-27",7667
"2002-5-28",11923
"2002-5-29",13213
"2002-5-30",12738
"2002-5-31",12354
"2002-6-1",8410
"2002-6-2",7469
"2002-6-3",11273
"2002-6-4",12391
"2002-6-5",12433
"2002-6-6",12478
"2002-6-7",12067
"2002-6-8",8392
"2002-6-9",7401
"2002-6-10",11664
"2002-6-11",12464
"2002-6-12",12499
"2002-6-13",12253
"2002-6-14",12364
"2002-6-15",8593
"2002-6-16",7575
"2002-6-17",11482
"2002-6-18",12898
"2002-6-19",12350
"2002-6-20",12633
"2002-6-21",12163
"2002-6-22",8576
"2002-6-23",7557
"2002-6-24",11724
"2002-6-25",13168
"2002-6-26",12850
"2002-6-27",13102
"2002-6-28",12779
"2002-6-29",8841
"2002-6-30",7739
"2002-7-1",12397
"2002-7-2",13862
"2002-7-3",13393
"2002-7-4",9346
"2002-7-5",11131
"2002-7-6",8715
"2002-7-7",7951
"2002-7-8",12060
"2002-7-9",13556
"2002-7-10",12998
"2002-7-11",12974
"2002-7-12",12505
"2002-7-13",8778
"2002-7-14",7781
"2002-7-15",12176
"2002-7-16",13352
"2002-7-17",13070
"2002-7-18",13183
"2002-7-19",12668
"2002-7-20",8684
"2002-7-21",7823
"2002-7-22",11949
"2002-7-23",13318
"2002-7-24",12969
"2002-7-25",13191
"2002-7-26",12745
"2002-7-27",8924
"2002-7-28",7812
"2002-7-29",11961
"2002-7-30",13342
"2002-7-31",13055
"2002-8-1",13042
"2002-8-2",12850
"2002-8-3",8857
"2002-8-4",7689
"2002-8-5",11938
"2002-8-6",13155
"2002-8-7",12764
"2002-8-8",13130
"2002-8-9",12664
"2002-8-10",8929
"2002-8-11",7869
"2002-8-12",12110
"2002-8-13",13284
"2002-8-14",13028
"2002-8-15",13277
"2002-8-16",12892
"2002-8-17",9138
"2002-8-18",7812
"2002-8-19",12040
"2002-8-20",13460
"2002-8-21",13069
"2002-8-22",12964
"2002-8-23",12934
"2002-8-24",8932
"2002-8-25",7833
"2002-8-26",11966
"2002-8-27",13504
"2002-8-28",13109
"2002-8-29",13143
"2002-8-30",13054
"2002-8-31",8981
"2002-9-1",7840
"2002-9-2",8085
"2002-9-3",12325
"2002-9-4",13675
"2002-9-5",13751
"2002-9-6",13399
"2002-9-7",9238
"2002-9-8",7956
"2002-9-9",12619
"2002-9-10",13644
"2002-9-11",12371
"2002-9-12",13982
"2002-9-13",12786
"2002-9-14",9258
"2002-9-15",8331
"2002-9-16",12520
"2002-9-17",13883
"2002-9-18",13655
"2002-9-19",13620
"2002-9-20",13455
"2002-9-21",9436
"2002-9-22",8091
"2002-9-23",12564
"2002-9-24",13884
"2002-9-25",13228
"2002-9-26",13211
"2002-9-27",13047
"2002-9-28",9120
"2002-9-29",7842
"2002-9-30",11998
"2002-10-1",13296
"2002-10-2",13164
"2002-10-3",12778
"2002-10-4",12582
"2002-10-5",8783
"2002-10-6",7671
"2002-10-7",11747
"2002-10-8",12802
"2002-10-9",12417
"2002-10-10",12433
"2002-10-11",12271
"2002-10-12",8334
"2002-10-13",7326
"2002-10-14",11312
"2002-10-15",12513
"2002-10-16",12363
"2002-10-17",12222
"2002-10-18",11968
"2002-10-19",8391
"2002-10-20",7256
"2002-10-21",11473
"2002-10-22",12921
"2002-10-23",12380
"2002-10-24",12447
"2002-10-25",12276
"2002-10-26",8303
"2002-10-27",7591
"2002-10-28",11603
"2002-10-29",12561
"2002-10-30",12023
"2002-10-31",10607
"2002-11-1",12335
"2002-11-2",8364
"2002-11-3",7380
"2002-11-4",11526
"2002-11-5",12604
"2002-11-6",12349
"2002-11-7",12378
"2002-11-8",12211
"2002-11-9",8454
"2002-11-10",7561
"2002-11-11",11310
"2002-11-12",12422
"2002-11-13",11833
"2002-11-14",12205
"2002-11-15",12016
"2002-11-16",8157
"2002-11-17",7167
"2002-11-18",11554
"2002-11-19",12462
"2002-11-20",12254
"2002-11-21",12431
"2002-11-22",12726
"2002-11-23",8417
"2002-11-24",7526
"2002-11-25",12198
"2002-11-26",13064
"2002-11-27",11245
"2002-11-28",7262
"2002-11-29",9155
"2002-11-30",8007
"2002-12-1",7286
"2002-12-2",11563
"2002-12-3",12980
"2002-12-4",12396
"2002-12-5",12343
"2002-12-6",11560
"2002-12-7",8362
"2002-12-8",7190
"2002-12-9",11313
"2002-12-10",12544
"2002-12-11",12311
"2002-12-12",12533
"2002-12-13",11378
"2002-12-14",8274
"2002-12-15",7364
"2002-12-16",12061
"2002-12-17",13102
"2002-12-18",13252
"2002-12-19",13342
"2002-12-20",13690
"2002-12-21",8934
"2002-12-22",7460
"2002-12-23",11135
"2002-12-24",8929
"2002-12-25",6629
"2002-12-26",10903
"2002-12-27",13332
"2002-12-28",8953
"2002-12-29",7892
"2002-12-30",12906
"2002-12-31",12339
"2003-1-1",7783
"2003-1-2",10863
"2003-1-3",11965
"2003-1-4",8374
"2003-1-5",7365
"2003-1-6",11220
"2003-1-7",12398
"2003-1-8",11872
"2003-1-9",11828
"2003-1-10",12303
"2003-1-11",8334
"2003-1-12",7214
"2003-1-13",11017
"2003-1-14",12651
"2003-1-15",11870
"2003-1-16",11897
"2003-1-17",11855
"2003-1-18",8300
"2003-1-19",7366
"2003-1-20",10842
"2003-1-21",12052
"2003-1-22",11835
"2003-1-23",11892
"2003-1-24",11890
"2003-1-25",8241
"2003-1-26",7295
"2003-1-27",11231
"2003-1-28",12363
"2003-1-29",11851
"2003-1-30",12062
"2003-1-31",11774
"2003-2-1",8538
"2003-2-2",7515
"2003-2-3",11311
"2003-2-4",12305
"2003-2-5",11786
"2003-2-6",12144
"2003-2-7",12195
"2003-2-8",8459
"2003-2-9",7396
"2003-2-10",11771
"2003-2-11",12700
"2003-2-12",12339
"2003-2-13",12086
"2003-2-14",12807
"2003-2-15",8730
"2003-2-16",7568
"2003-2-17",10522
"2003-2-18",12403
"2003-2-19",12395
"2003-2-20",12320
"2003-2-21",12435
"2003-2-22",8767
"2003-2-23",7582
"2003-2-24",11677
"2003-2-25",12595
"2003-2-26",12136
"2003-2-27",12437
"2003-2-28",12329
"2003-3-1",8500
"2003-3-2",7438
"2003-3-3",12491
"2003-3-4",12638
"2003-3-5",12264
"2003-3-6",12419
"2003-3-7",12259
"2003-3-8",8528
"2003-3-9",7300
"2003-3-10",11456
"2003-3-11",12693
"2003-3-12",12278
"2003-3-13",12127
"2003-3-14",12582
"2003-3-15",8485
"2003-3-16",7387
"2003-3-17",11718
"2003-3-18",12697
"2003-3-19",12374
"2003-3-20",12506
"2003-3-21",12446
"2003-3-22",8372
"2003-3-23",7303
"2003-3-24",11487
"2003-3-25",12819
"2003-3-26",12324
"2003-3-27",12403
"2003-3-28",12317
"2003-3-29",8579
"2003-3-30",7399
"2003-3-31",11331
"2003-4-1",11754
"2003-4-2",12739
"2003-4-3",12380
"2003-4-4",12453
"2003-4-5",8371
"2003-4-6",7181
"2003-4-7",11554
"2003-4-8",12813
"2003-4-9",12172
"2003-4-10",12485
"2003-4-11",12176
"2003-4-12",8380
"2003-4-13",7130
"2003-4-14",11599
"2003-4-15",12799
"2003-4-16",12701
"2003-4-17",12716
"2003-4-18",11576
"2003-4-19",8077
"2003-4-20",7057
"2003-4-21",11303
"2003-4-22",12474
"2003-4-23",12361
"2003-4-24",12297
"2003-4-25",12049
"2003-4-26",8213
"2003-4-27",7342
"2003-4-28",11460
"2003-4-29",12430
"2003-4-30",12064
"2003-5-1",12526
"2003-5-2",12297
"2003-5-3",8366
"2003-5-4",7481
"2003-5-5",11814
"2003-5-6",12884
"2003-5-7",12447
"2003-5-8",12664
"2003-5-9",12522
"2003-5-10",8594
"2003-5-11",7484
"2003-5-12",11943
"2003-5-13",12455
"2003-5-14",12635
"2003-5-15",12896
"2003-5-16",12662
"2003-5-17",8536
"2003-5-18",7505
"2003-5-19",11811
"2003-5-20",12993
"2003-5-21",13139
"2003-5-22",13199
"2003-5-23",12965
"2003-5-24",8678
"2003-5-25",7598
"2003-5-26",7825
"2003-5-27",12163
"2003-5-28",13619
"2003-5-29",13277
"2003-5-30",13034
"2003-5-31",8742
"2003-6-1",7570
"2003-6-2",11835
"2003-6-3",12824
"2003-6-4",12616
"2003-6-5",12647
"2003-6-6",12617
"2003-6-7",8559
"2003-6-8",7493
"2003-6-9",11743
"2003-6-10",13102
"2003-6-11",12931
"2003-6-12",12883
"2003-6-13",11821
"2003-6-14",8594
"2003-6-15",7571
"2003-6-16",12229
"2003-6-17",13144
"2003-6-18",12903
"2003-6-19",12752
"2003-6-20",12496
"2003-6-21",8623
"2003-6-22",7642
"2003-6-23",12012
"2003-6-24",13333
"2003-6-25",13267
"2003-6-26",13106
"2003-6-27",12678
"2003-6-28",8714
"2003-6-29",7648
"2003-6-30",12072
"2003-7-1",13682
"2003-7-2",13577
"2003-7-3",13247
"2003-7-4",9364
"2003-7-5",8209
"2003-7-6",7789
"2003-7-7",12407
"2003-7-8",13626
"2003-7-9",13286
"2003-7-10",13381
"2003-7-11",12878
"2003-7-12",8776
"2003-7-13",7867
"2003-7-14",12068
"2003-7-15",13434
"2003-7-16",13224
"2003-7-17",13444
"2003-7-18",13013
"2003-7-19",8787
"2003-7-20",7954
"2003-7-21",12241
"2003-7-22",13522
"2003-7-23",13312
"2003-7-24",13355
"2003-7-25",12825
"2003-7-26",8862
"2003-7-27",7740
"2003-7-28",12262
"2003-7-29",13562
"2003-7-30",13295
"2003-7-31",13237
"2003-8-1",13001
"2003-8-2",8740
"2003-8-3",7702
"2003-8-4",12031
"2003-8-5",13437
"2003-8-6",13123
"2003-8-7",13315
"2003-8-8",13145
"2003-8-9",9109
"2003-8-10",7852
"2003-8-11",12053
"2003-8-12",13698
"2003-8-13",12955
"2003-8-14",13152
"2003-8-15",13011
"2003-8-16",9189
"2003-8-17",8018
"2003-8-18",12243
"2003-8-19",13561
"2003-8-20",13196
"2003-8-21",13339
"2003-8-22",13222
"2003-8-23",9071
"2003-8-24",7858
"2003-8-25",12411
"2003-8-26",13723
"2003-8-27",13594
"2003-8-28",13839
"2003-8-29",13547
"2003-8-30",9225
"2003-8-31",7743
"2003-9-1",8059
"2003-9-2",12389
"2003-9-3",14119
"2003-9-4",13870
"2003-9-5",13616
"2003-9-6",9257
"2003-9-7",8064
"2003-9-8",12504
"2003-9-9",13615
"2003-9-10",13908
"2003-9-11",12932
"2003-9-12",13621
"2003-9-13",9444
"2003-9-14",8415
"2003-9-15",12846
"2003-9-16",14145
"2003-9-17",13686
"2003-9-18",13781
"2003-9-19",13325
"2003-9-20",9522
"2003-9-21",8383
"2003-9-22",12766
"2003-9-23",14036
"2003-9-24",13578
"2003-9-25",13651
"2003-9-26",13600
"2003-9-27",9039
"2003-9-28",8060
"2003-9-29",12291
"2003-9-30",13122
"2003-10-1",13138
"2003-10-2",13383
"2003-10-3",13013
"2003-10-4",8876
"2003-10-5",7653
"2003-10-6",11912
"2003-10-7",13241
"2003-10-8",13237
"2003-10-9",13047
"2003-10-10",13058
"2003-10-11",8620
"2003-10-12",7713
"2003-10-13",11272
"2003-10-14",12995
"2003-10-15",12690
"2003-10-16",12499
"2003-10-17",12404
"2003-10-18",8432
"2003-10-19",7454
"2003-10-20",11817
"2003-10-21",13032
"2003-10-22",12780
"2003-10-23",12568
"2003-10-24",12325
"2003-10-25",8444
"2003-10-26",7696
"2003-10-27",11745
"2003-10-28",13173
"2003-10-29",12705
"2003-10-30",12359
"2003-10-31",10767
"2003-11-1",8342
"2003-11-2",7568
"2003-11-3",12200
"2003-11-4",13060
"2003-11-5",12761
"2003-11-6",12564
"2003-11-7",12291
"2003-11-8",8575
"2003-11-9",7341
"2003-11-10",11890
"2003-11-11",12917
"2003-11-12",12463
"2003-11-13",12206
"2003-11-14",12219
"2003-11-15",8163
"2003-11-16",7375
"2003-11-17",11723
"2003-11-18",12994
"2003-11-19",12658
"2003-11-20",12710
"2003-11-21",12770
"2003-11-22",8473
"2003-11-23",7249
"2003-11-24",12803
"2003-11-25",13399
"2003-11-26",11767
"2003-11-27",7224
"2003-11-28",9271
"2003-11-29",7913
"2003-11-30",7205
"2003-12-1",11973
"2003-12-2",13122
"2003-12-3",12884
"2003-12-4",12372
"2003-12-5",11901
"2003-12-6",8132
"2003-12-7",7241
"2003-12-8",11496
"2003-12-9",12699
"2003-12-10",12470
"2003-12-11",12242
"2003-12-12",12237
"2003-12-13",8150
"2003-12-14",7337
"2003-12-15",12064
"2003-12-16",13350
"2003-12-17",13106
"2003-12-18",13594
"2003-12-19",13434
"2003-12-20",8795
"2003-12-21",7547
"2003-12-22",12967
"2003-12-23",12598
"2003-12-24",9096
"2003-12-25",6628
"2003-12-26",10218
"2003-12-27",8646
"2003-12-28",7645
"2003-12-29",12823
"2003-12-30",14438
"2003-12-31",12374